{
  "model_path": "",
  "input_width": 448,
  "input_height": 320,

  "detect_num_classes": 6,
  "detection_min_layer": 3,

  "seg_num_classes": 9,
  "seg_num_instances": 6,

  "box_per_cell": 10,
  "anchors": [
    [  4.72444113,  13.03849553],
    [  6.7153519 ,  19.82265276],
    [  7.45549207,   8.33591741],
    [  8.70646423,  28.72982868],
    [ 10.62106498,  12.89646283],
    [ 12.15143459,  38.52802538],
    [ 13.50685823,  22.03696648],
    [ 15.05004741,  15.09652081],
    [ 16.75192328,  55.12363414],
    [ 19.57217847,  30.32240226],
    [ 19.9336096 ,  20.29728308],
    [ 23.6517338 ,  13.48589506],
    [ 25.93735558,  82.55525654],
    [ 26.36287983,  26.0507359 ],
    [ 28.3561355 ,  41.0002989 ],
    [ 34.38473482,  31.90063737],
    [ 34.7959832 ,  19.23099042],
    [ 40.35457169,  60.82788731],
    [ 43.37962729,  41.35866034],
    [ 49.35589377,  26.80626349],
    [ 54.58323284, 122.49371333],
    [ 56.19127029,  52.38936783],
    [ 66.5877007 ,  74.04779522],
    [ 67.82677742,  36.73172105],
    [ 82.19250749,  55.45465795],
    [ 93.16690936, 160.46021215],
    [101.37095516,  74.10887515],
    [105.40692099,  99.33913021],
    [145.61740224, 122.69098611],
    [149.63578551, 229.96524337]
  ],

  "seg_output_names": [
    "seg"
  ],
  "detect_output_names": [
    ["loc1", "cls1"],
    ["loc2", "cls2"],
    ["loc3", "cls3"]
  ],

  "markup_output_names": [
    "lane"
  ],

  "input": "0",
  "input_shapes": [
    1,320,448,3
  ],
  "seg_output_shapes": [
    [1,320,448,1]
  ],
  "markup_output_shapes": [
    [1,320,448,1]
  ],
  "detect_output_shapes": [
    [[1,40,56,40], [1,40,56,60]],
    [[1,20,28,40], [1,20,28,60]],
    [[1,10,14,40], [1,10,14,60]]
  ]
}
